id,first_name,last_name,age,sex
1,Nikki,Legge,11,Male
2,Maurits,Bolderstone,92,Male
3,Ario,Yeo,41,Male
4,Spenser,Hosburn,76,Male
5,Lacey,Barratt,11,Female
6,Abelard,Elleyne,16,Male
7,Casandra,Gristhwaite,42,Female
8,Hattie,Pope,35,Female
9,Carmon,Allaway,73,Polygender
10,Gayel,Scotchmer,57,Female
11,Cully,Votier,21,Male
12,Nedi,Ianelli,88,Non-binary
13,Findley,McGurn,69,Male
14,Aubrie,Ginnety,82,Female
15,Blanch,Tatchell,21,Female
16,Ailis,Matskiv,15,Female
17,Hillie,Pilkinton,23,Genderfluid
18,Donnie,Hought,3,Male
19,Franz,Vescovo,92,Male
20,Jamie,Habbert,100,Male
21,Kerry,Buckle,100,Male
22,Allianora,Saiz,90,Female
23,Kalina,Ridding,86,Female
24,Tonya,McClinton,6,Agender
25,Kevina,Jeffels,10,Polygender
26,Gweneth,Brass,40,Bigender
27,Helene,Mattersey,73,Female
28,Kimbell,Vose,100,Male
29,Everett,Baptiste,36,Male
30,Davita,Frondt,52,Genderfluid
31,Karia,Carlozzi,54,Female
32,Arnoldo,Quarterman,84,Male
33,Amanda,De Filippo,85,Female
34,Goddard,Kearey,66,Male
35,Yvor,Paulazzi,71,Male
36,Woodie,Tomkinson,74,Male
37,Hogan,Colpus,57,Male
38,Sada,Tratton,18,Bigender
39,Avis,Trighton,93,Female
40,Rosamond,Dank,58,Female
41,Larissa,Castagne,86,Agender
42,Quent,Dungey,38,Male
43,Robinett,Frayne,89,Non-binary
44,Maurice,Woodbridge,11,Male
45,Cathrin,Sheldrake,61,Female
46,Cristie,Aisthorpe,28,Agender
47,Mathian,Thyng,5,Male
48,Amberly,Jenkison,71,Non-binary
49,Nobie,McNess,56,Male
50,Clemence,Swyndley,25,Female
51,Guillermo,Lenden,3,Male
52,Woodman,Bennett,69,Male
53,Garvin,Fittis,23,Male
54,Adeline,Cove,88,Female
55,Peg,Canedo,61,Female
56,Salmon,Szantho,44,Male
57,Bil,Fowler,52,Male
58,Ram,Fance,7,Male
59,Kenneth,Blunderfield,41,Male
60,Lucine,Tawse,17,Female
61,Rozella,McTrustrie,35,Female
62,Butch,Fuller,4,Agender
63,Sandye,Mouton,97,Female
64,Dougy,Grinaugh,21,Genderfluid
65,Marsh,Rodd,22,Male
66,Helyn,Jarrel,94,Female
67,Stan,Gebhardt,72,Male
68,Jason,Symcoxe,76,Male
69,Kip,Millwater,78,Male
70,Land,Wink,96,Male
71,Kimmy,Bellee,8,Female
72,Lynea,Harber,47,Female
73,Francesca,Fellibrand,24,Female
74,Raphaela,Kinnear,83,Female
75,Krissy,Tschierse,24,Female
76,Packston,Rosewall,66,Male
77,Diane-marie,Dimnage,7,Female
78,Nelson,Tomczynski,37,Bigender
79,Corey,Lebell,68,Male
80,Jocelyne,Dragge,64,Female
81,Thayne,Cant,91,Bigender
82,Dolf,Filyakov,70,Male
83,Lloyd,Ruecastle,92,Male
84,Meg,Feldman,90,Female
85,Mordecai,Hradsky,3,Male
86,Maryrose,Spraberry,87,Female
87,Pearl,Burth,71,Agender
88,Berkly,Chugg,82,Genderqueer
89,Inglis,Ellinor,43,Bigender
90,Imelda,McEntee,12,Female
91,Aguistin,Birkett,35,Male
92,Riane,Dyte,26,Polygender
93,Madelena,Alsford,68,Female
94,Martainn,Chavez,1,Male
95,Charmian,Craisford,8,Female
96,Newton,Bagshaw,98,Male
97,Craggy,Fridaye,74,Male
98,West,Brasse,47,Genderfluid
99,Brina,Graalmans,13,Bigender
100,Ber,Raymen,71,Agender
101,Rourke,Dumphreys,33,Male
102,Moira,Dufer,41,Female
103,Eamon,Joubert,99,Male
104,Janice,Allward,69,Genderqueer
105,Ransom,Davidovsky,64,Male
106,Vassili,Peter,40,Male
107,Sancho,Greenhalf,41,Male
108,Vivyan,MacDougal,84,Female
109,Belia,Carah,93,Female
110,Dallas,Braker,1,Male
111,Merill,Fortie,94,Male
112,Phylis,Veregan,13,Female
113,Selig,Shoubridge,3,Male
114,Trumaine,Lenham,62,Male
115,Magdalena,Woehler,88,Female
116,Ardelis,Azema,80,Female
117,Dione,Gatherell,97,Genderqueer
118,Sylvia,Cavil,27,Female
119,Harmonie,Rentcome,69,Female
120,Sabine,Whotton,77,Female
121,Garik,Abbitt,41,Male
122,Leone,Browning,34,Female
123,Krispin,Burless,93,Male
124,Junette,Grogor,71,Female
125,Janet,Splain,47,Female
126,Dee dee,Bernardoux,26,Female
127,Gwendolen,Wreath,86,Female
128,Saundra,Griffe,5,Female
129,Lloyd,Thirwell,46,Male
130,Teresa,Kleinerman,87,Female
131,Aubrette,Mardell,4,Polygender
132,Had,Priddie,62,Male
133,Silva,Beausang,36,Genderfluid
134,Livvy,Shelly,11,Female
135,Chance,Topham,48,Male
136,Seamus,Barbery,20,Male
137,Lamont,Greeves,30,Genderqueer
138,Simonne,Steere,53,Female
139,Kris,Chasmor,56,Female
140,Bradford,Booton,71,Male
141,Lindi,Every,79,Female
142,Reeva,Coushe,56,Female
143,Salomon,Masseo,94,Male
144,Sile,Olek,3,Female
145,Lexie,Attwoul,33,Female
146,Clemmie,Sculley,29,Male
147,Malorie,Mogenot,83,Female
148,Golda,Abercrombie,51,Female
149,Arielle,Bastie,24,Female
150,Kylynn,McLagan,8,Agender
151,Prudence,Roskelley,18,Bigender
152,Theodosia,Mossop,38,Female
153,Gustie,Heighway,89,Female
154,Elroy,Cockerham,8,Male
155,Kenton,Duxfield,81,Male
156,Bryant,Conibere,76,Male
157,Mandie,Tonnesen,68,Female
158,Ara,Echallie,69,Male
159,Lucais,Saggs,13,Non-binary
160,Beret,Marquand,60,Female
161,Celene,Cannings,35,Female
162,Timoteo,Labon,62,Male
163,Opalina,Craigmile,74,Female
164,Glenn,Pattenden,28,Male
165,Brannon,Tasker,31,Non-binary
166,Ailene,Gaishson,40,Female
167,Alvira,Gabbetis,95,Female
168,Silvain,Gabel,31,Male
169,Kaye,Dennington,40,Female
170,Jeni,Fernandez,73,Female
171,Falkner,Ettels,95,Male
172,Hernando,Whytock,60,Male
173,Odey,Cahillane,44,Bigender
174,Robby,Dahl,54,Male
175,Joane,Robardey,26,Genderfluid
176,Cortie,Halfacree,46,Male
177,Seumas,Jaqueminet,3,Male
178,Lu,Colegate,45,Female
179,Laurette,Cutchey,59,Female
180,Sallie,Sturror,29,Female
181,Jonathan,Casemore,68,Male
182,Vassily,D'Oyly,39,Male
183,Terrye,Hartell,66,Female
184,Dalia,Boggs,20,Female
185,Mabel,Letterese,82,Female
186,Serena,Aluard,40,Female
187,Andre,Notman,37,Male
188,Franklin,Murtagh,53,Male
189,Farah,Rains,74,Female
190,Kippar,Room,84,Male
191,Beulah,Hortop,53,Female
192,Leshia,Brokenshire,95,Bigender
193,Calv,Bedells,58,Male
194,Merla,Sisse,61,Agender
195,Coretta,Salack,80,Female
196,Belinda,Blaksland,39,Female
197,Anna-maria,Heindl,93,Agender
198,Linea,Faughey,14,Female
199,Dolly,Cromer,48,Female
200,Ellissa,Teal,60,Female
201,Darcee,Frangleton,88,Female
202,Meyer,Ivankin,27,Male
203,Krishna,Troyes,32,Male
204,Yurik,Fairburn,96,Male
205,Delilah,Klein,10,Female
206,Rancell,Rudolfer,48,Genderqueer
207,Lamont,Pittaway,75,Male
208,Filip,Seviour,62,Male
209,Lula,Hacaud,20,Female
210,Putnam,Pabelik,53,Male
211,Alexandro,Coryndon,64,Male
212,Donni,Meredith,51,Female
213,Read,Temlett,10,Male
214,Ancell,Nolin,52,Male
215,Bronny,De Mitri,14,Male
216,Nike,Bowditch,15,Female
217,Margalit,Impey,52,Female
218,Blakelee,Batcock,79,Female
219,Colas,Roy,36,Male
220,Bent,Hanbidge,86,Male
221,Yetta,Petruszka,4,Female
222,Judye,Polsin,70,Bigender
223,Gerrie,Conduit,91,Male
224,Hayden,Coote,97,Male
225,Jayme,Vickery,93,Polygender
226,Lezlie,Lineker,27,Female
227,Lambert,Pettwood,31,Male
228,Roderigo,Hakonsen,54,Male
229,Stormy,Seger,97,Female
230,Yale,Salters,77,Male
231,Free,Forte,78,Male
232,Vanna,Bardell,49,Female
233,Fredrick,Fonteyne,58,Male
234,Rosamond,Gerrets,20,Female
235,Violette,Gellier,56,Female
236,Chic,Alliker,72,Male
237,Damiano,Rives,90,Genderqueer
238,Cristie,Bazek,95,Female
239,Kimberlee,Filde,100,Female
240,Evan,Paradis,75,Male
241,Harmony,Dodgshon,80,Female
242,Mercedes,Wilshin,87,Female
243,Cullan,Chinnock,57,Male
244,Gerri,Lamond,34,Female
245,Gilbert,Duckering,70,Bigender
246,Orion,Swidenbank,89,Genderqueer
247,Tabina,Balmforth,92,Female
248,Ruggiero,Hovey,57,Male
249,Valaree,Rogans,63,Female
250,Heddi,Hattam,32,Female
251,Nerta,Bisiker,66,Female
252,Friederike,Rapaport,80,Female
253,Lana,Furlong,13,Female
254,Sylvester,Duding,55,Male
255,Leshia,Pethick,62,Non-binary
256,Cam,Fibbings,22,Male
257,Normie,Glasbey,95,Male
258,Broderic,Minors,76,Male
259,Annabelle,Inglese,7,Female
260,Sidney,Ubee,27,Male
261,Jerome,Nelhams,16,Genderfluid
262,Nedda,Strowger,54,Female
263,Dru,Brookes,54,Male
264,Janna,Yurinov,60,Female
265,Justinian,Coping,68,Male
266,Eward,Baitman,11,Male
267,Beaufort,Olland,55,Male
268,Berty,Josefs,84,Male
269,Giselbert,Camolli,30,Male
270,Blair,Godball,73,Male
271,Hynda,Piggott,97,Female
272,Ruddie,Troy,7,Agender
273,Tawsha,Tuttiett,35,Female
274,Rhody,Leatherbarrow,28,Female
275,Clemmy,Fehner,45,Male
276,Rowe,Torel,64,Genderfluid
277,Ramsey,Pegrum,49,Male
278,Piper,Hudleston,98,Female
279,Kaylee,Argont,13,Female
280,Adolphus,Conibeer,78,Male
281,West,Rouke,64,Male
282,Hetti,Leechman,8,Female
283,Ede,Peckham,78,Female
284,Catlin,Coger,30,Female
285,Annabel,Hargie,82,Female
286,Port,Georgeou,97,Male
287,Edgardo,Gerdes,3,Male
288,Chad,Ockland,42,Female
289,Audrie,McKissack,90,Female
290,Dalton,Espadate,61,Male
291,Garry,Cronshaw,34,Male
292,Lillian,Laughnan,26,Female
293,Jacinta,Fawcitt,80,Female
294,Ranee,Dax,53,Female
295,Nobe,Shatliff,40,Male
296,Justine,Hirtz,27,Female
297,Ulises,McAuslene,93,Male
298,Brett,Bessent,91,Female
299,Arny,Abendroth,67,Male
300,Rafaela,Caghy,68,Female
301,Bryce,Stanbridge,17,Non-binary
302,Valentia,Pessold,86,Female
303,Bond,McKechnie,68,Male
304,Oran,Sidery,12,Male
305,Ian,Davoren,2,Male
306,Doloritas,Gutridge,34,Female
307,Sansone,Van Geffen,86,Male
308,Renell,Nuccii,61,Female
309,Rhea,Vannuccinii,69,Female
310,Binni,Yeomans,18,Female
311,Gregg,Pesterfield,75,Male
312,Clarke,Rutledge,34,Male
313,Lelia,Surphliss,87,Female
314,Cariotta,Curcher,42,Female
315,Maryanne,Burdin,77,Female
316,Archibald,Behr,81,Male
317,Ahmad,Hitter,60,Male
318,Agretha,Marchiso,70,Female
319,Jeff,Spurdon,40,Male
320,Veronika,McQuirter,27,Female
321,Sofie,Arends,71,Bigender
322,Duke,Sybry,71,Male
323,Adan,Roger,100,Male
324,Gasper,Wilbore,82,Male
325,Duke,Danilowicz,50,Male
326,Hoebart,Merritt,89,Bigender
327,Amitie,Beatson,45,Female
328,Herman,Sibbson,92,Male
329,Joell,Mathiassen,41,Female
330,Cristiano,Dipple,58,Male
331,Tommie,Frances,5,Female
332,Alta,Chasmer,85,Female
333,Rodge,Ell,4,Male
334,Jaynell,Kearley,18,Female
335,Prentiss,Ridgley,42,Male
336,Breena,Oslar,22,Female
337,Dita,Peyzer,81,Genderfluid
338,Cassey,Magarrell,88,Female
339,Tiffani,Soulsby,16,Female
340,Nickey,Elgram,73,Male
341,Trueman,Linfield,33,Male
342,Hope,Gridon,100,Female
343,Magdaia,Browne,18,Female
344,Gregor,Lidgey,32,Male
345,Isaac,Beacham,95,Male
346,Jaime,Marmion,37,Male
347,Guthry,Biasi,90,Male
348,Yolande,Couser,45,Female
349,Tildy,Tointon,23,Female
350,Hedda,Chatto,42,Bigender
351,Angela,Lambirth,56,Female
352,Raeann,Chatenet,28,Female
353,Kristofer,Ghiroldi,55,Male
354,Koressa,Wyse,15,Female
355,Karole,Koppelmann,74,Female
356,Donn,Conaghan,45,Male
357,Bryn,Ambrogetti,31,Male
358,Budd,Dearlove,8,Male
359,Anthe,Scopham,14,Female
360,Ingrid,McKernan,88,Female
361,Piggy,Gouldthorp,41,Male
362,Vincent,Nelsen,50,Male
363,Riane,Sibbald,82,Female
364,Ginnie,Valek,85,Female
365,Marrilee,O'Callaghan,50,Female
366,Charlene,McLachlan,76,Female
367,Padgett,Lattos,25,Bigender
368,Tristam,Leadbeatter,19,Male
369,Carrol,Linkleter,41,Male
370,Claire,Gasnoll,21,Male
371,Lemuel,De Michele,69,Male
372,Erminie,Poschel,61,Female
373,Washington,Cescoti,60,Male
374,Tremayne,Woodyeare,27,Male
375,Jason,Proppers,19,Genderfluid
376,Cull,Laffan,13,Male
377,Susanetta,Southwood,11,Female
378,Lorrayne,Arangy,71,Female
379,Jack,Sleany,43,Male
380,Joshua,Huyche,81,Male
381,Carey,Fowley,71,Male
382,Jaine,Craydon,6,Female
383,Shane,Wannan,50,Female
384,Gill,Bowland,34,Male
385,Bogey,Filasov,1,Male
386,Jacquelynn,Shillaber,4,Female
387,Evin,Ferron,15,Male
388,Delmar,Life,65,Agender
389,Leone,Lipman,2,Female
390,Fidelia,Strutz,10,Female
391,Chilton,Testin,74,Male
392,Sissie,Pritchett,76,Female
393,Elli,Hendrikse,24,Female
394,Doro,Brumbie,9,Female
395,Crosby,Fishburn,72,Male
396,Barrett,Clempton,90,Male
397,Jammie,Hudghton,16,Female
398,Delbert,Owbridge,42,Male
399,Derron,Botterell,96,Male
400,Hilly,Argent,4,Male
401,Zebadiah,Dumberell,14,Male
402,Kanya,Pudsey,18,Female
403,Hercule,Reaveley,89,Male
404,Harold,Jarred,14,Male
405,Morissa,Toyer,61,Female
406,Charlton,Janovsky,13,Male
407,Iain,Dockrell,72,Male
408,Millie,Duling,43,Female
409,Bernard,Tedorenko,28,Male
410,Jany,Oram,20,Female
411,Rosemary,Arsey,15,Female
412,Valle,Vatini,41,Male
413,Nancee,Bockings,60,Female
414,Sky,Primo,37,Male
415,Archie,Warmington,18,Male
416,Tyne,Symes,51,Female
417,Ryann,Blackwell,69,Female
418,Falkner,Lyte,46,Male
419,Nike,McAviy,62,Female
420,Urbain,Tatlowe,64,Male
421,Ruthy,Lang,97,Female
422,Carmelita,Bodman,84,Female
423,Aggie,Tommaseo,68,Female
424,Alisa,Newborn,62,Female
425,Gavin,Aldrin,31,Male
426,Tera,Corish,97,Female
427,Avery,Kubicka,37,Male
428,Becky,Bazylets,80,Female
429,Saundra,Somerlie,73,Polygender
430,Orville,Stubbley,26,Male
431,Goddart,Glenn,44,Male
432,Welch,Risbridger,91,Genderqueer
433,Dulcea,Thursfield,79,Female
434,Idaline,Richardt,89,Female
435,Haydon,Sketch,88,Male
436,Chip,Schutt,76,Male
437,Finlay,Driffill,58,Male
438,Rosette,Core,15,Female
439,Haskel,Fullerlove,82,Male
440,Eugenio,Eatttok,20,Male
441,Roda,Tennewell,1,Female
442,Kacy,Slocum,46,Female
443,Casey,Grief,11,Female
444,Taffy,Haggish,98,Female
445,Kiersten,Dilleston,20,Female
446,Rasia,Stebbin,51,Genderqueer
447,Ethelind,Rawet,11,Female
448,Bunni,Pressdee,11,Female
449,Stacy,Yeo,38,Female
450,Russ,Tetley,81,Male
451,Danice,Wivell,72,Female
452,Gillan,Foskett,49,Female
453,Josselyn,Johnston,91,Female
454,Caesar,Fortnon,29,Male
455,Jacinta,Ffoulkes,82,Female
456,Spense,Ayerst,92,Male
457,Geneva,Van der Velde,30,Female
458,Englebert,Rosenberg,40,Male
459,Jervis,Kelly,86,Male
460,Goddard,Conboy,69,Bigender
461,Virgie,Barensen,27,Male
462,Savina,Jarred,27,Female
463,Cynthy,Rigney,87,Female
464,Solomon,Jurasek,89,Male
465,Silvano,Gullen,39,Male
466,Maure,Russam,8,Genderqueer
467,Markus,Brazer,22,Male
468,Kenton,Catford,33,Bigender
469,Nataniel,Beuscher,7,Non-binary
470,Ede,Arendt,10,Female
471,Alexa,Pinnijar,22,Female
472,Maisey,Nealon,75,Female
473,Ignacio,Shackleford,30,Male
474,Derril,Ricson,78,Male
475,Bink,Athowe,92,Male
476,Charla,Elgie,79,Female
477,Washington,Giacomucci,96,Male
478,Garvy,Von Helmholtz,44,Male
479,Raimundo,Spry,32,Male
480,Rochester,Linton,27,Male
481,Donnie,Halloway,18,Female
482,Adey,Sare,37,Bigender
483,Lion,Myrie,98,Male
484,Myriam,De Mitris,5,Female
485,Malcolm,Maber,88,Male
486,Morse,Oseman,90,Male
487,Lyell,Chapiro,22,Male
488,Burnard,Treace,29,Male
489,Baryram,Rops,1,Male
490,Kristos,Stranger,68,Male
491,Cletis,Bovaird,96,Male
492,Coreen,Besson,53,Female
493,Harlin,Esche,95,Male
494,Katy,Ahrens,67,Female
495,Stearn,Youhill,58,Male
496,Katinka,Streets,48,Female
497,Ottilie,Molan,83,Female
498,Shandie,Hasselby,7,Female
499,Marlyn,Morales,97,Female
500,Artie,Goreway,50,Male
501,Issi,Brearton,53,Female
502,Genna,Domenichelli,92,Female
503,Dewitt,Bosse,9,Male
504,Amandi,Domotor,93,Agender
505,Renato,Lokier,9,Male
506,Timotheus,Bridgland,94,Male
507,Jessamine,Ciccottio,23,Female
508,Elwira,Goldsbury,3,Female
509,Hayley,Pockett,43,Female
510,Georgette,Flaherty,85,Female
511,Freeman,Toone,85,Male
512,Julieta,Anglim,30,Female
513,Bengt,Shorbrook,59,Male
514,Alvy,MacCague,49,Polygender
515,Clarice,Nichols,79,Genderfluid
516,Nolan,Wilcocke,57,Male
517,Louie,Bunyard,23,Male
518,Danell,Pilley,14,Female
519,Kathryn,Velden,72,Female
520,Rowland,Brunone,86,Bigender
521,Addie,Theis,32,Male
522,Doria,Townend,28,Female
523,Niall,Quiddington,40,Male
524,Rozalin,Berk,17,Female
525,Reinold,Everix,33,Male
526,Ella,Earney,40,Female
527,Maddalena,Butting,31,Female
528,Pepi,Whight,26,Female
529,Gabbey,Mounsey,6,Female
530,Lisa,Issit,45,Female
531,Carmen,McCard,62,Female
532,Dermot,Sansome,45,Male
533,Arlin,Le Brun,9,Male
534,Joycelin,Kingswell,64,Female
535,Lilias,Gladdor,3,Female
536,Benedetta,Maybey,73,Female
537,Morris,Smail,51,Male
538,Tyson,Levey,23,Male
539,Pauli,Waddicor,39,Female
540,Julius,Corcut,54,Male
541,Tabbie,Exell,38,Male
542,Rochella,Domegan,69,Female
543,Torey,Haulkham,34,Male
544,Mari,Skaif,4,Polygender
545,Emerson,Cordaroy,51,Male
546,L;urette,Penvarden,95,Female
547,Grace,Wherry,97,Male
548,Ursa,Bamfield,83,Female
549,Gwennie,Serrurier,22,Female
550,Jocelin,Ivanyukov,92,Female
551,Keeley,Shelmardine,79,Female
552,Lebbie,Cansfield,2,Female
553,Cissiee,Quant,18,Female
554,Ivy,Robertson,64,Female
555,Galvan,Canon,30,Male
556,Annabel,Netti,57,Female
557,Jerrilyn,Blenkharn,7,Bigender
558,Berta,Poynter,48,Female
559,Hamilton,Pigney,86,Male
560,Tierney,Sleet,34,Female
561,Tiff,Cartmale,42,Female
562,Peggie,Wallage,64,Female
563,Wilbert,Douberday,97,Male
564,Donnell,Trood,20,Male
565,Nathalia,Biddleston,81,Female
566,Shelley,Lainge,25,Female
567,Karoly,Denial,11,Female
568,Cecil,Duncan,53,Female
569,Travis,Shervil,88,Male
570,Clyde,De Bischof,61,Male
571,Dareen,Swanson,61,Female
572,Tanitansy,Daskiewicz,75,Female
573,Marcia,Lince,97,Female
574,Norma,Swiffan,74,Female
575,Marlon,Culbert,22,Male
576,Claus,Matasov,8,Male
577,Claudelle,Camock,73,Agender
578,Dulci,Toopin,73,Female
579,Christa,Yakobowitz,67,Female
580,Mohandas,Whitford,88,Male
581,Carlynn,Pladen,29,Female
582,Rudyard,Colegate,32,Male
583,Tirrell,Bligh,99,Male
584,Basil,Tolcher,85,Genderfluid
585,Taddeusz,Worner,90,Male
586,Hilde,Thorington,71,Female
587,Marita,McCamish,12,Female
588,Lonnie,Glazzard,39,Male
589,Raleigh,Spieck,16,Male
590,Durward,Amott,52,Male
591,Bertrando,Dmitriev,7,Non-binary
592,Janene,Kezar,68,Agender
593,Carri,Haker,47,Female
594,Kessiah,Bebb,59,Female
595,Cairistiona,Barti,66,Female
596,Dorry,Minister,91,Female
597,Nissie,Curgenuer,39,Female
598,Jamie,Casey,78,Male
599,Hammad,Osbourn,11,Male
600,Archibaldo,Rawlingson,3,Male
601,Melanie,MacSharry,37,Female
602,Collie,Mithon,22,Female
603,Gilbertina,Scamp,2,Female
604,Gail,Trewhela,60,Male
605,Willis,Platfoot,54,Male
606,Rockey,Cavell,47,Male
607,Brendan,Lorenc,37,Male
608,Myrta,Abelevitz,86,Female
609,Mariette,Larne,63,Female
610,Conrado,Streeting,31,Polygender
611,Dominique,Harrigan,51,Male
612,Horace,Corradengo,73,Male
613,Toinette,McIleen,36,Female
614,Shayla,Lagneaux,32,Female
615,Andrey,Tume,71,Male
616,Kerk,Quinevan,85,Male
617,Davey,Brands,74,Male
618,Isabelle,Darton,93,Female
619,Delano,Dockreay,90,Male
620,Doria,Hindmoor,81,Female
621,Nananne,Draisey,57,Female
622,Findlay,Peealess,95,Male
623,Antonella,Loft,55,Female
624,Eba,Munnis,5,Agender
625,Giraldo,Donett,86,Male
626,Ronda,Durrance,96,Female
627,Fredrick,Paulton,83,Male
628,Adrienne,Wardrop,39,Female
629,Zachary,Roadnight,15,Male
630,Koren,Wyness,50,Female
631,Garek,Vala,57,Male
632,Dario,Bole,14,Bigender
633,Stormie,Creak,63,Female
634,Demetri,Maylor,30,Male
635,Barnabas,Pellingar,5,Male
636,Rorie,Casellas,30,Female
637,Maude,Juhruke,51,Female
638,Ellen,Adame,53,Female
639,Malissa,MacAlpin,48,Bigender
640,Cristy,Braemer,36,Female
641,Noland,Cousins,27,Male
642,Elsy,Abercromby,64,Female
643,Skip,Milne,16,Male
644,Abbot,Waters,37,Male
645,Bernadina,Measom,43,Female
646,Anestassia,Cornils,77,Female
647,Forbes,McAreavey,83,Male
648,Milty,Stennard,100,Male
649,Lauralee,Olivo,32,Female
650,Vivyanne,Amori,11,Female
651,Saunders,Lack,77,Male
652,Aland,Cossem,96,Male
653,Ethan,Sissland,39,Male
654,Leupold,Alenichev,37,Male
655,Gerrilee,Lehon,95,Non-binary
656,Rosette,Easterling,65,Non-binary
657,Gayelord,Costello,98,Polygender
658,Sigfried,Flexman,91,Male
659,Kathie,Leadley,17,Female
660,Joyann,Fanton,6,Female
661,Niven,Trenbey,97,Non-binary
662,Blakelee,Standbridge,82,Female
663,Dick,Bringloe,42,Male
664,Willetta,Albasini,67,Female
665,Andriette,Sparshatt,73,Female
666,Westbrook,Meenan,46,Male
667,Christoforo,Bettesworth,7,Male
668,Danica,Bryson,63,Female
669,Mose,Gartery,65,Male
670,Lem,Anchor,26,Genderfluid
671,Norene,Bosson,62,Female
672,Connie,Melchior,58,Male
673,Jessee,Bouette,86,Male
674,Bethena,Ozelton,78,Female
675,Warde,Krolak,17,Male
676,Kata,Kondratovich,51,Female
677,Melodie,Devin,36,Female
678,Ariadne,Doodson,63,Female
679,Trixy,Goold,25,Female
680,Bowie,Gudge,93,Male
681,Henri,Deluze,55,Male
682,El,Geffen,59,Male
683,Francoise,Lambarton,31,Female
684,Bay,Klimkov,39,Bigender
685,Chip,Lipson,24,Male
686,Auria,Gowers,21,Female
687,Kassey,Skip,65,Female
688,Wat,Pindar,34,Male
689,Erl,MacAdie,91,Male
690,Lucille,Ledur,33,Female
691,Jeramey,Benedit,55,Male
692,Emilie,Mullinger,13,Bigender
693,Mildrid,Eales,99,Agender
694,Elizabet,Daughtrey,43,Female
695,Bald,Cowlishaw,54,Male
696,Sauncho,Eakins,91,Male
697,Rozamond,Blunsen,88,Female
698,Maxi,Baselli,57,Female
699,Isak,Stainfield,67,Male
700,Bronson,Levey,36,Male
701,Rickie,Karpushkin,17,Female
702,Lynea,Thackray,49,Female
703,Fenelia,Raysdale,22,Female
704,Heloise,Suddaby,29,Female
705,Lianna,Minihan,89,Female
706,Britta,Disney,14,Female
707,Nadeen,Tipple,46,Female
708,Ernesto,McClaren,81,Male
709,Chev,Moehle,21,Male
710,Flint,Cornner,84,Male
711,Morey,Witherington,47,Polygender
712,Ashlin,Linn,92,Genderqueer
713,Martie,Alekseev,100,Male
714,Brandie,Kennan,4,Female
715,Elijah,Mycroft,43,Male
716,Phelia,Choupin,34,Female
717,Nanci,Lovelace,27,Female
718,Eldredge,Ludwikiewicz,53,Male
719,Anastassia,Swales,28,Female
720,Minta,Harborow,58,Female
721,Jeralee,Guiet,36,Female
722,Brittney,Treacher,50,Female
723,Ches,Templman,32,Male
724,Aubrette,Ellerman,94,Female
725,Merrie,Chapling,45,Female
726,Madeline,Lightoller,26,Genderqueer
727,Cornall,Shore,56,Male
728,Jacynth,Joppich,63,Bigender
729,Gaby,Abbate,27,Male
730,Regine,Aslin,90,Bigender
731,Emmie,Baxill,99,Female
732,Diane,Linggood,89,Female
733,Jack,Dabourne,23,Male
734,Fancie,Gotthard.sf,15,Female
735,Iggy,Debrick,54,Male
736,Cos,Coslett,95,Male
737,Gaspar,Stanhope,7,Male
738,Halley,Preece,67,Female
739,Gene,Nestor,27,Female
740,Valenka,Card,57,Female
741,Dav,Steptoe,54,Genderqueer
742,Vivia,MacDermand,16,Female
743,Colan,Willatts,3,Male
744,Karalee,D'Abbot-Doyle,59,Female
745,Marty,Jozef,77,Female
746,Pammi,Dockreay,88,Female
747,Pearla,Zavattieri,35,Female
748,Raven,Ham,32,Female
749,Martainn,Phython,70,Male
750,Fran,Bosward,61,Female
751,Marjy,Buttrey,12,Female
752,Alyse,Grube,86,Non-binary
753,Berny,Reisen,97,Female
754,Sloan,Crapper,99,Male
755,Drucill,Cummins,62,Female
756,Kearney,Guesford,43,Male
757,Rockwell,Harrowing,70,Male
758,Ambrose,Riatt,87,Male
759,Giulio,Hornung,43,Male
760,Duky,Chirm,37,Male
761,Gavra,Vink,37,Female
762,Derward,MacCurtain,46,Male
763,Shellysheldon,Lambertini,4,Male
764,Symon,Davitt,51,Male
765,Mallory,Gauntlett,71,Male
766,Morey,Pebworth,4,Male
767,Garth,Baselli,94,Male
768,Correy,Barter,53,Female
769,Byrle,Bovis,4,Male
770,Yvor,Fernihough,55,Male
771,Deerdre,Shreeve,43,Female
772,Ely,Oldam,53,Male
773,Andee,Garrattley,11,Female
774,Claresta,Videneev,96,Female
775,Brenda,Weben,7,Female
776,Selby,McKeag,83,Agender
777,Benedikt,Polglase,59,Male
778,Abbott,Normanton,46,Male
779,Lenette,Eyree,31,Female
780,Andonis,Sabater,5,Male
781,Pennie,Sidery,54,Male
782,Laird,Matisse,54,Male
783,Bamby,Androlli,85,Female
784,Witty,Weighell,99,Male
785,Marian,Mixter,38,Female
786,Martita,Pryn,53,Female
787,Mohammed,Sives,52,Male
788,Rora,Kilty,9,Female
789,Clerissa,Niland,60,Female
790,Zitella,Towne,85,Female
791,Osborn,Stoaks,77,Male
792,Jannelle,des Remedios,7,Female
793,Aili,Spalls,25,Agender
794,Kaleena,Ert,55,Agender
795,Elaine,McAster,36,Female
796,Esra,Ivantsov,47,Male
797,Ilene,Pounsett,15,Female
798,Kalle,Biskup,38,Male
799,Corrie,Muxworthy,57,Male
800,Nelson,Tejada,18,Male
801,Pru,Adamovich,96,Genderfluid
802,Aggi,Gayden,46,Female
803,Octavius,Liptrod,85,Male
804,Sanderson,Husbands,33,Male
805,Aluin,Dunsleve,19,Male
806,Morris,Simister,6,Male
807,Joana,Hirschmann,7,Female
808,Efrem,Wressell,94,Male
809,Michale,Baudou,78,Male
810,Aldo,Bastick,51,Male
811,Romonda,Faldo,10,Female
812,Slade,Witter,25,Male
813,Ines,Morteo,7,Female
814,Reece,D'Aulby,32,Male
815,Lucais,Swadlin,44,Male
816,Ezequiel,Netherclift,71,Polygender
817,Nicolea,Shrimplin,24,Bigender
818,Cheri,Singers,64,Female
819,Marline,MacCallester,59,Female
820,Irv,Pepperd,51,Male
821,Wallas,Leftbridge,26,Male
822,Matty,Morehall,63,Female
823,Lorinda,Fevers,55,Female
824,Desi,Shimony,59,Male
825,Grace,Haywood,72,Male
826,Pincus,Nucci,46,Male
827,Thorn,Gullyes,26,Male
828,Antonio,Maruszewski,29,Male
829,Elizabeth,Martinson,26,Female
830,Kendre,Nodin,82,Female
831,Moshe,Merrick,44,Male
832,Sean,Fairbrother,40,Male
833,Lorry,Souley,9,Female
834,Caroljean,Atyeo,94,Female
835,Gisela,Bucky,52,Female
836,Janaya,Ternott,27,Female
837,Junie,Bowsher,5,Female
838,Pamella,Wand,39,Female
839,Fay,Pinchbeck,7,Female
840,Nixie,Desforges,2,Female
841,Carlee,Tugwell,13,Female
842,Hardy,Juanes,82,Male
843,Hebert,Cansdale,28,Male
844,Burr,Rosenfrucht,71,Male
845,Celisse,Tewkesbury.,79,Female
846,Farrell,Plascott,39,Male
847,Filmer,Ansteys,42,Male
848,Cammy,Hinckesman,27,Female
849,Samson,Sisneros,29,Male
850,Elijah,Neighbour,89,Male
851,Guinevere,Seleway,87,Female
852,Felicity,Capeling,32,Female
853,Codi,Pidon,72,Male
854,Mady,Willas,87,Female
855,Aurora,Creavin,57,Female
856,Syd,Sandwick,87,Male
857,Maisey,Avey,35,Non-binary
858,Fanchette,Bernt,65,Female
859,Alie,Banting,46,Female
860,Cherilyn,Baldcock,48,Female
861,Jarrett,MacTrustie,82,Male
862,Jerrome,Sarle,3,Male
863,Horatius,Lindgren,22,Male
864,Sharon,Chalcot,84,Female
865,Libbie,Gurdon,85,Female
866,Brand,Davion,83,Male
867,Bertram,Syvret,57,Male
868,Sloan,Gammett,74,Genderqueer
869,Caty,Greatbank,61,Female
870,Avie,Dommett,64,Female
871,Fredric,Robbs,67,Male
872,Barty,Aizikov,47,Male
873,Guglielmo,Labbati,25,Genderfluid
874,Hubert,Fishe,12,Male
875,Gardiner,Hove,4,Male
876,Roz,Boggis,25,Female
877,Gerome,Danzelman,3,Male
878,Barry,Verling,15,Female
879,Ewen,Esslemont,32,Male
880,Hammad,Yakutin,29,Genderfluid
881,Melisent,Hindge,19,Female
882,Dewain,Bardwell,72,Male
883,Gilbert,Edleston,58,Polygender
884,Andras,Vakhonin,15,Male
885,Phaidra,Izacenko,92,Female
886,Myrilla,Dunning,97,Female
887,Brit,Sirette,14,Female
888,Ursuline,Sheere,67,Genderqueer
889,Arnuad,Burgan,80,Male
890,Alvan,Biasotti,41,Male
891,Roberta,Rollason,63,Female
892,Fidelity,Lared,71,Female
893,Bryant,Davidowsky,32,Male
894,Larine,Stoak,15,Female
895,Carlene,Ledekker,37,Female
896,Dierdre,Mynett,31,Female
897,Lenna,Slocombe,48,Genderfluid
898,Latia,Labuschagne,78,Female
899,Jess,Bale,23,Male
900,Link,Meynell,54,Male
901,Simmonds,Hearsey,78,Male
902,Artur,Shovelton,65,Male
903,Munroe,Filpi,30,Male
904,Jacklyn,Tuttle,26,Female
905,Dorita,O'Cannan,54,Genderfluid
906,Harv,D'Elias,63,Male
907,Oliviero,Laird,16,Male
908,Coletta,Rubinivitz,93,Female
909,Annis,Shearmer,17,Female
910,Zarla,Jorden,72,Female
911,Dallon,Prandy,81,Male
912,Angil,Tortis,88,Female
913,Caryn,Klaff,9,Female
914,Marmaduke,Borrott,39,Male
915,Miltie,Stiggles,100,Male
916,Goldie,Bortoletti,49,Female
917,Marylinda,Kop,76,Female
918,Garvey,Noe,47,Male
919,Denver,Stansell,97,Male
920,Mignonne,Hadlow,9,Female
921,Justinn,Muselli,82,Female
922,Abbye,Bresnen,93,Female
923,Brandie,Timoney,1,Female
924,Terri,O'Tuohy,46,Female
925,Emerson,Costar,56,Male
926,Steve,Ellyatt,75,Genderqueer
927,Fanchette,Kment,43,Non-binary
928,Konstantine,Philpin,56,Bigender
929,Elyn,Pugsley,67,Female
930,Gabrielle,Porch,83,Female
931,Arnaldo,Fawdery,29,Male
932,Johan,Schoffler,8,Male
933,Pris,Shefton,17,Female
934,Dannie,Sagg,77,Male
935,Sherwood,Maymond,40,Male
936,Maxy,Cleeves,4,Male
937,Gardy,Pladen,100,Male
938,Joel,Teresia,52,Male
939,Reeva,Seiller,27,Female
940,Bellanca,Tortis,71,Female
941,Elka,Anfrey,13,Female
942,Cordelia,Gilfillan,44,Female
943,Cornell,Phare,7,Male
944,Del,Fardon,28,Bigender
945,Alanah,Boxell,44,Female
946,Werner,Pitts,66,Male
947,Courtnay,Rymmer,24,Male
948,Junette,Joe,76,Female
949,Sibylle,Klimuk,11,Female
950,Reggis,Hars,54,Male
951,Oren,McKane,9,Male
952,Loni,Beckerleg,81,Polygender
953,Harmon,Hetterich,92,Genderqueer
954,Nolana,Ticic,49,Female
955,Camella,Grzegorecki,90,Female
956,Lucas,Rotherforth,30,Male
957,Oralle,Druery,26,Female
958,Joelynn,Clutheram,92,Female
959,Gerome,Walasik,70,Male
960,Kaleb,Ingleston,23,Male
961,Janaye,Prinnett,79,Female
962,Cissiee,Tarply,20,Female
963,Anjela,Heams,96,Female
964,Jared,Steere,62,Male
965,Fern,Addenbrooke,26,Female
966,Wainwright,Geertje,45,Male
967,Florian,Barke,100,Male
968,Morty,Cotes,68,Male
969,Vivien,Martinek,85,Non-binary
970,Teodora,Taleworth,45,Female
971,Mic,Dmitrovic,16,Male
972,Stormie,Casolla,17,Female
973,Dionisio,Guile,17,Male
974,Sharyl,Jenner,43,Female
975,Blakeley,Beagen,71,Female
976,Katine,Hamal,44,Female
977,Zared,Offell,67,Male
978,Rutger,Vossing,46,Male
979,Spence,Drinkale,70,Male
980,Emmit,Weymont,15,Male
981,Duky,Walsham,52,Male
982,Ellene,Barefoot,10,Bigender
983,Eveleen,Bassam,37,Female
984,Ab,Fancet,22,Male
985,Winthrop,McIlhone,81,Male
986,Jessey,Finan,67,Male
987,Tristam,Deam,45,Male
988,Granger,Eseler,52,Male
989,Aubrey,Crouse,75,Male
990,Gerta,Drewe,90,Female
991,Justus,Humbles,89,Male
992,Des,Yve,82,Male
993,Karol,Como,13,Genderqueer
994,Emmott,Joe,99,Male
995,Ignazio,Cotesford,47,Male
996,Blythe,Walkingshaw,59,Female
997,Gabriele,Reichhardt,34,Male
998,Wendie,Vasentsov,61,Female
999,Ferne,Cuddon,96,Female
1000,Ernesto,Babcock,32,Male
